phone_number,name,email,city,age,sex,married_status,job,income,religion,nationality
016-66389504,YdjRDqxJ,ydjrdqxj@example.com,Dhaka,56,Male,Divorced,Graphic Designer,136354,Other,Bangladeshi
018-30350691,ibNktb,ibnktb@example.com,Rajshahi,51,Female,Divorced,Project Manager,97533,Hinduism,Bangladeshi
018-46542610,fZhdlf,fzhdlf@example.com,Barisal,31,Female,Divorced,Accountant,121643,Islam,Bangladeshi
016-47460718,dFQgvjLr,dfqgvjlr@example.com,Chittagong,25,Male,Married,Accountant,112962,Other,Bangladeshi
017-17502595,qNyVnZ,qnyvnz@example.com,Khulna,22,Male,Single,Marketing Specialist,135689,Hinduism,Bangladeshi
019-71430628,RDfYPvsGu,rdfypvsgu@example.com,Dhaka,32,Female,Widowed,Accountant,58994,Other,Bangladeshi
016-74339740,attCaxU,attcaxu@example.com,Khulna,45,Female,Divorced,Software Engineer,128623,Hinduism,Bangladeshi
019-90319468,JGiqFVS,jgiqfvs@example.com,Rajshahi,45,Male,Widowed,Graphic Designer,33582,Other,Bangladeshi
019-12211601,IHlXzmrHPR,ihlxzmrhpr@example.com,Barisal,42,Male,Divorced,Project Manager,106264,Islam,Bangladeshi
018-18145780,pPjBQGTHje,ppjbqgthje@example.com,Khulna,43,Male,Divorced,Software Engineer,97069,Islam,Bangladeshi
019-36433035,RgBEoE,rgbeoe@example.com,Rajshahi,37,Female,Divorced,Software Engineer,22024,Islam,Bangladeshi
019-41967475,jHFUfIw,jhfufiw@example.com,Rajshahi,43,Female,Married,Marketing Specialist,41333,Buddhism,Bangladeshi
017-85350886,BqtdBkkO,bqtdbkko@example.com,Chittagong,48,Female,Single,Project Manager,125574,Hinduism,Bangladeshi
017-13556261,lhvpEbndYB,lhvpebndyb@example.com,Chittagong,29,Female,Married,Marketing Specialist,147415,Buddhism,Bangladeshi
015-53955924,yoyrSX,yoyrsx@example.com,Chittagong,26,Male,Single,Graphic Designer,124757,Christianity,Bangladeshi
019-62778493,HoVvv,hovvv@example.com,Sylhet,54,Male,Divorced,Software Engineer,119738,Other,Bangladeshi
017-76246270,SRUGzQ,srugzq@example.com,Chittagong,52,Female,Widowed,Project Manager,46606,Buddhism,Bangladeshi
015-74302541,Zytdxhpz,zytdxhpz@example.com,Dhaka,52,Female,Divorced,Graphic Designer,127683,Other,Bangladeshi
015-82416023,JUoGweiK,juogweik@example.com,Dhaka,45,Female,Married,Software Engineer,65932,Buddhism,Bangladeshi
016-42897664,lDwzwlEtHz,ldwzwlethz@example.com,Sylhet,48,Female,Divorced,Marketing Specialist,71068,Hinduism,Bangladeshi
016-69869738,jfnwkd,jfnwkd@example.com,Barisal,34,Male,Divorced,Software Engineer,146586,Christianity,Bangladeshi
016-87947918,ujcbOzU,ujcbozu@example.com,Sylhet,51,Male,Divorced,Graphic Designer,29225,Christianity,Bangladeshi
016-67276094,eiTZljIED,eitzljied@example.com,Rajshahi,61,Female,Widowed,Graphic Designer,107359,Islam,Bangladeshi
018-66259488,tbAsYfOp,tbasyfop@example.com,Dhaka,58,Female,Married,Marketing Specialist,110880,Islam,Bangladeshi
015-17866555,kfXqZjzF,kfxqzjzf@example.com,Khulna,61,Male,Married,Graphic Designer,114232,Christianity,Bangladeshi
017-44313039,wclncDaG,wclncdag@example.com,Chittagong,25,Female,Married,Software Engineer,99350,Islam,Bangladeshi
019-13682309,ZvYDxxV,zvydxxv@example.com,Dhaka,54,Male,Widowed,Marketing Specialist,36476,Buddhism,Bangladeshi
015-86633284,varVOcEHLP,varvocehlp@example.com,Chittagong,63,Male,Single,Software Engineer,15189,Islam,Bangladeshi
017-85728641,mJrlFrFR,mjrlfrfr@example.com,Barisal,61,Female,Married,Software Engineer,134191,Christianity,Bangladeshi
015-30223676,ZiBlRvWu,ziblrvwu@example.com,Dhaka,52,Female,Married,Project Manager,72033,Hinduism,Bangladeshi
019-18534080,DQjSSZPz,dqjsszpz@example.com,Chittagong,30,Female,Married,Marketing Specialist,80724,Buddhism,Bangladeshi
016-34584877,wGndEWGTLE,wgndewgtle@example.com,Barisal,40,Male,Single,Accountant,126898,Islam,Bangladeshi
017-88330652,YpyGHq,ypyghq@example.com,Dhaka,48,Female,Divorced,Marketing Specialist,34981,Other,Bangladeshi
018-01560965,uKobSs,ukobss@example.com,Rajshahi,65,Female,Divorced,Graphic Designer,142524,Hinduism,Bangladeshi
019-92715896,pwVxMbQfcp,pwvxmbqfcp@example.com,Rajshahi,58,Female,Single,Accountant,112737,Christianity,Bangladeshi
017-02201253,nWhsNy,nwhsny@example.com,Barisal,26,Male,Single,Software Engineer,49214,Hinduism,Bangladeshi
016-47831887,mpRWhx,mprwhx@example.com,Barisal,28,Male,Widowed,Accountant,125286,Islam,Bangladeshi
017-81105151,YhOltMJhim,yholtmjhim@example.com,Chittagong,41,Female,Widowed,Graphic Designer,109258,Christianity,Bangladeshi
015-18053006,KoMJU,komju@example.com,Dhaka,63,Female,Divorced,Software Engineer,49574,Christianity,Bangladeshi
018-56051872,hlcty,hlcty@example.com,Barisal,52,Male,Single,Accountant,129605,Other,Bangladeshi
017-07071888,FrjVKJIaS,frjvkjias@example.com,Chittagong,52,Female,Single,Accountant,31766,Islam,Bangladeshi
017-35686110,JfwTrb,jfwtrb@example.com,Dhaka,52,Male,Married,Accountant,133443,Islam,Bangladeshi
019-88429677,KEMJsRpSS,kemjsrpss@example.com,Chittagong,55,Male,Single,Marketing Specialist,22917,Christianity,Bangladeshi
018-97535190,ruIfQkqSw,ruifqkqsw@example.com,Sylhet,60,Male,Married,Software Engineer,58682,Buddhism,Bangladeshi
015-02722657,lTZPSeM,ltzpsem@example.com,Barisal,45,Male,Single,Accountant,49044,Christianity,Bangladeshi
016-51658805,fuPAYPM,fupaypm@example.com,Khulna,27,Female,Divorced,Accountant,44846,Christianity,Bangladeshi
018-40738591,rHgOFZakbd,rhgofzakbd@example.com,Chittagong,56,Male,Widowed,Graphic Designer,74688,Islam,Bangladeshi
018-77570813,GxybHX,gxybhx@example.com,Chittagong,64,Female,Married,Graphic Designer,31129,Buddhism,Bangladeshi
015-40336146,BUkdw,bukdw@example.com,Khulna,35,Female,Single,Software Engineer,134234,Other,Bangladeshi
015-98339733,OuGAsctVo,ougasctvo@example.com,Dhaka,57,Male,Divorced,Software Engineer,55104,Islam,Bangladeshi
019-65707189,UJVsASac,ujvsasac@example.com,Rajshahi,52,Male,Divorced,Graphic Designer,73466,Other,Bangladeshi
017-19581655,SQBmaw,sqbmaw@example.com,Khulna,24,Female,Married,Graphic Designer,126688,Islam,Bangladeshi
016-84941382,MKBuCFLP,mkbucflp@example.com,Khulna,65,Male,Widowed,Marketing Specialist,31255,Buddhism,Bangladeshi
019-88088136,GBTeuh,gbteuh@example.com,Sylhet,53,Male,Married,Accountant,133839,Islam,Bangladeshi
018-56934895,dGbHhKNx,dgbhhknx@example.com,Rajshahi,19,Female,Divorced,Project Manager,107207,Christianity,Bangladeshi
015-37155109,ADTdO,adtdo@example.com,Chittagong,47,Female,Married,Graphic Designer,142024,Islam,Bangladeshi
015-03062702,gWhLhpjntd,gwhlhpjntd@example.com,Khulna,44,Female,Single,Accountant,65260,Other,Bangladeshi
016-68349101,lLYVCI,llyvci@example.com,Khulna,22,Female,Widowed,Software Engineer,67116,Christianity,Bangladeshi
018-16962775,MJqccz,mjqccz@example.com,Sylhet,43,Female,Married,Accountant,125181,Islam,Bangladeshi
018-23192704,djlwb,djlwb@example.com,Khulna,21,Female,Widowed,Software Engineer,137734,Other,Bangladeshi
017-10686527,JSkQAmQwv,jskqamqwv@example.com,Barisal,34,Male,Single,Project Manager,120024,Christianity,Bangladeshi
018-79988104,XfxdJaanX,xfxdjaanx@example.com,Sylhet,52,Female,Divorced,Marketing Specialist,44597,Buddhism,Bangladeshi
015-29228670,Wviow,wviow@example.com,Dhaka,62,Female,Single,Project Manager,26129,Islam,Bangladeshi
018-98917463,dnrFzfDTOW,dnrfzfdtow@example.com,Barisal,59,Female,Married,Marketing Specialist,101996,Other,Bangladeshi
016-01067339,PfEdq,pfedq@example.com,Chittagong,29,Male,Single,Project Manager,57430,Christianity,Bangladeshi
015-97517328,HXpTN,hxptn@example.com,Khulna,30,Male,Widowed,Marketing Specialist,97760,Islam,Bangladeshi
017-47903938,wEtOip,wetoip@example.com,Rajshahi,57,Male,Widowed,Project Manager,110383,Islam,Bangladeshi
018-90383956,MOvRXwO,movrxwo@example.com,Sylhet,59,Female,Married,Accountant,58443,Other,Bangladeshi
019-78256077,qeksUbqe,qeksubqe@example.com,Barisal,58,Male,Single,Project Manager,95933,Other,Bangladeshi
017-43390455,KqpjEOJsyS,kqpjeojsys@example.com,Barisal,39,Male,Married,Accountant,104414,Islam,Bangladeshi
019-51451159,xeruY,xeruy@example.com,Rajshahi,19,Female,Divorced,Software Engineer,126273,Islam,Bangladeshi
019-81797496,PamnN,pamnn@example.com,Khulna,22,Female,Married,Marketing Specialist,66991,Buddhism,Bangladeshi
018-30445670,qLDMLLH,qldmllh@example.com,Chittagong,37,Female,Married,Software Engineer,87702,Islam,Bangladeshi
016-36595759,yHrVl,yhrvl@example.com,Rajshahi,55,Female,Single,Graphic Designer,40745,Islam,Bangladeshi
019-47084111,TwSuX,twsux@example.com,Rajshahi,29,Male,Married,Software Engineer,28890,Other,Bangladeshi
017-71937065,PFuuJhMIl,pfuujhmil@example.com,Dhaka,57,Female,Widowed,Marketing Specialist,88053,Christianity,Bangladeshi
019-41186982,GrZUsXmS,grzusxms@example.com,Dhaka,26,Female,Single,Graphic Designer,91244,Buddhism,Bangladeshi
019-69487765,tsmsZGz,tsmszgz@example.com,Chittagong,26,Male,Widowed,Software Engineer,90265,Buddhism,Bangladeshi
015-38319327,BcLfDd,bclfdd@example.com,Rajshahi,45,Male,Married,Marketing Specialist,24477,Hinduism,Bangladeshi
018-49665453,nmxOceDS,nmxoceds@example.com,Khulna,63,Female,Married,Software Engineer,101307,Buddhism,Bangladeshi
016-15262015,vSVhv,vsvhv@example.com,Khulna,56,Male,Single,Marketing Specialist,72815,Islam,Bangladeshi
018-47137122,HXtccV,hxtccv@example.com,Dhaka,34,Female,Single,Marketing Specialist,81635,Christianity,Bangladeshi
019-89254342,hZecVa,hzecva@example.com,Dhaka,55,Male,Divorced,Accountant,148659,Islam,Bangladeshi
018-01614083,CAkQHmVJOy,cakqhmvjoy@example.com,Chittagong,18,Female,Divorced,Accountant,60650,Christianity,Bangladeshi
018-94690676,SMbdMWrtf,smbdmwrtf@example.com,Rajshahi,33,Female,Married,Software Engineer,89587,Christianity,Bangladeshi
018-41143927,QjeTIvfk,qjetivfk@example.com,Dhaka,33,Male,Divorced,Accountant,61874,Hinduism,Bangladeshi
018-83449381,NmcgEtsDrz,nmcgetsdrz@example.com,Khulna,56,Male,Single,Marketing Specialist,91584,Other,Bangladeshi
016-22134613,KJEhG,kjehg@example.com,Chittagong,51,Female,Single,Software Engineer,100660,Christianity,Bangladeshi
017-83836887,YaJCTxpZ,yajctxpz@example.com,Khulna,25,Male,Divorced,Marketing Specialist,114400,Buddhism,Bangladeshi
017-63793435,dMkPH,dmkph@example.com,Barisal,28,Male,Single,Software Engineer,95659,Buddhism,Bangladeshi
016-83969616,tPmpg,tpmpg@example.com,Dhaka,27,Male,Divorced,Software Engineer,49320,Other,Bangladeshi
016-31532232,zTFeyS,ztfeys@example.com,Chittagong,44,Female,Widowed,Project Manager,40470,Hinduism,Bangladeshi
015-43439881,UxLWIlfkK,uxlwilfkk@example.com,Sylhet,62,Female,Widowed,Project Manager,53347,Other,Bangladeshi
018-47080273,cBwmUFmJyn,cbwmufmjyn@example.com,Sylhet,31,Female,Married,Graphic Designer,46225,Hinduism,Bangladeshi
017-34560813,iqxtwFQUOh,iqxtwfquoh@example.com,Barisal,23,Male,Widowed,Software Engineer,67825,Buddhism,Bangladeshi
016-90668712,KpCTPSl,kpctpsl@example.com,Sylhet,45,Male,Widowed,Accountant,141933,Islam,Bangladeshi
016-18420764,mfGOoCHJ,mfgoochj@example.com,Barisal,34,Female,Single,Project Manager,27894,Hinduism,Bangladeshi
019-21722825,zfEHkLovw,zfehklovw@example.com,Barisal,30,Male,Widowed,Accountant,81762,Other,Bangladeshi
019-19197530,ECdNNPZqVc,ecdnnpzqvc@example.com,Khulna,30,Male,Single,Accountant,47427,Islam,Bangladeshi
019-84742422,sebzlk,sebzlk@example.com,Rajshahi,42,Female,Divorced,Graphic Designer,145321,Christianity,Bangladeshi
015-23076149,LipwwJHP,lipwwjhp@example.com,Dhaka,59,Male,Married,Project Manager,89335,Christianity,Bangladeshi
017-45497861,IBhQRb,ibhqrb@example.com,Barisal,59,Male,Divorced,Graphic Designer,76039,Islam,Bangladeshi
016-38213680,yUspupW,yuspupw@example.com,Barisal,21,Female,Married,Accountant,137693,Buddhism,Bangladeshi
017-62051125,CUCSrBzsL,cucsrbzsl@example.com,Khulna,23,Female,Married,Graphic Designer,34952,Hinduism,Bangladeshi
019-14183604,RIhQNctt,rihqnctt@example.com,Rajshahi,62,Male,Divorced,Software Engineer,73664,Christianity,Bangladeshi
016-98403911,mLDtwnIi,mldtwnii@example.com,Rajshahi,19,Male,Married,Software Engineer,113968,Other,Bangladeshi
018-04871573,FAkiMMaV,fakimmav@example.com,Sylhet,30,Male,Divorced,Project Manager,93826,Other,Bangladeshi
019-82260797,LyRzIXMTb,lyrzixmtb@example.com,Barisal,33,Male,Widowed,Software Engineer,118987,Islam,Bangladeshi
019-40466044,ORVHw,orvhw@example.com,Dhaka,55,Male,Married,Graphic Designer,38803,Hinduism,Bangladeshi
016-27284202,CcTYsODF,cctysodf@example.com,Rajshahi,49,Female,Widowed,Software Engineer,68523,Other,Bangladeshi
017-10555479,RLTXoNg,rltxong@example.com,Dhaka,51,Female,Divorced,Marketing Specialist,101238,Islam,Bangladeshi
016-53000365,RzpYTDhp,rzpytdhp@example.com,Dhaka,42,Female,Single,Marketing Specialist,142517,Hinduism,Bangladeshi
017-34934158,CllqG,cllqg@example.com,Rajshahi,18,Male,Divorced,Marketing Specialist,129697,Christianity,Bangladeshi
015-94996917,faXgHfl,faxghfl@example.com,Chittagong,44,Male,Divorced,Accountant,60112,Islam,Bangladeshi
018-55208061,xykinbG,xykinbg@example.com,Barisal,61,Male,Divorced,Graphic Designer,128881,Buddhism,Bangladeshi
016-92628588,DiMMhegk,dimmhegk@example.com,Dhaka,44,Female,Married,Project Manager,46604,Hinduism,Bangladeshi
019-68604479,kmvadss,kmvadss@example.com,Barisal,52,Female,Divorced,Project Manager,64267,Buddhism,Bangladeshi
019-97091469,fzMbLmvfv,fzmblmvfv@example.com,Khulna,51,Male,Married,Accountant,98024,Hinduism,Bangladeshi
016-49556983,HzXgGUcWsr,hzxggucwsr@example.com,Dhaka,49,Female,Single,Graphic Designer,46999,Other,Bangladeshi
018-70122958,fAgWOuR,fagwour@example.com,Dhaka,23,Male,Single,Project Manager,130243,Islam,Bangladeshi
015-34374604,aldOUMVF,aldoumvf@example.com,Barisal,62,Male,Married,Software Engineer,69374,Buddhism,Bangladeshi
015-16587573,Aqloor,aqloor@example.com,Dhaka,44,Male,Divorced,Accountant,86894,Other,Bangladeshi
017-94537828,JiHypmt,jihypmt@example.com,Khulna,52,Female,Divorced,Accountant,74867,Other,Bangladeshi
015-37167728,AghaYihovr,aghayihovr@example.com,Dhaka,55,Female,Divorced,Marketing Specialist,100749,Other,Bangladeshi
016-47353287,LBEpUxI,lbepuxi@example.com,Khulna,63,Male,Married,Graphic Designer,81178,Hinduism,Bangladeshi
018-55788562,TexwDvm,texwdvm@example.com,Rajshahi,50,Female,Married,Marketing Specialist,21675,Other,Bangladeshi
015-83517484,XGXbDblU,xgxbdblu@example.com,Dhaka,64,Male,Single,Marketing Specialist,61969,Buddhism,Bangladeshi
016-85452016,fvyxM,fvyxm@example.com,Sylhet,34,Female,Widowed,Project Manager,60266,Christianity,Bangladeshi
016-35988700,svGSq,svgsq@example.com,Dhaka,52,Male,Single,Software Engineer,117592,Buddhism,Bangladeshi
017-31004060,ByulxvHn,byulxvhn@example.com,Rajshahi,25,Male,Widowed,Graphic Designer,44790,Buddhism,Bangladeshi
019-83325092,yvCoC,yvcoc@example.com,Khulna,63,Male,Single,Software Engineer,129327,Hinduism,Bangladeshi
017-08374679,QVquSVlm,qvqusvlm@example.com,Khulna,24,Female,Single,Graphic Designer,123874,Buddhism,Bangladeshi
017-29960935,MSIIw,msiiw@example.com,Chittagong,20,Female,Widowed,Marketing Specialist,36958,Other,Bangladeshi
018-22239077,ZOYfOojtK,zoyfoojtk@example.com,Sylhet,24,Male,Divorced,Graphic Designer,53144,Hinduism,Bangladeshi
018-34158199,IJsetYtHN,ijsetythn@example.com,Rajshahi,44,Female,Married,Project Manager,84753,Christianity,Bangladeshi
017-41545908,BmgKBw,bmgkbw@example.com,Barisal,57,Female,Single,Project Manager,104978,Christianity,Bangladeshi
019-74033598,SCosHPw,scoshpw@example.com,Chittagong,53,Male,Married,Graphic Designer,121575,Hinduism,Bangladeshi
018-83977950,URJqIdVWkG,urjqidvwkg@example.com,Chittagong,37,Male,Divorced,Accountant,17521,Hinduism,Bangladeshi
016-29437687,tDcyiz,tdcyiz@example.com,Chittagong,54,Male,Single,Accountant,120177,Other,Bangladeshi
019-88770394,xzRpbruWx,xzrpbruwx@example.com,Khulna,46,Female,Divorced,Graphic Designer,121911,Hinduism,Bangladeshi
015-70168132,oUDQSNRjo,oudqsnrjo@example.com,Rajshahi,40,Male,Married,Software Engineer,25995,Islam,Bangladeshi
017-49930917,HWkYw,hwkyw@example.com,Dhaka,21,Male,Married,Accountant,117397,Hinduism,Bangladeshi
015-62746992,hmvjhkC,hmvjhkc@example.com,Dhaka,60,Female,Married,Graphic Designer,73967,Hinduism,Bangladeshi
018-95841678,xOLHd,xolhd@example.com,Barisal,22,Female,Married,Marketing Specialist,15842,Christianity,Bangladeshi
017-01466147,awvXrlfqHq,awvxrlfqhq@example.com,Sylhet,19,Male,Single,Marketing Specialist,98795,Other,Bangladeshi
016-84378602,ZUpTlU,zuptlu@example.com,Rajshahi,64,Female,Single,Graphic Designer,63354,Buddhism,Bangladeshi
016-65048742,ZAnbNMTPxP,zanbnmtpxp@example.com,Chittagong,45,Male,Widowed,Marketing Specialist,95128,Islam,Bangladeshi
016-19927936,gQJqmzn,gqjqmzn@example.com,Chittagong,41,Female,Divorced,Project Manager,142725,Christianity,Bangladeshi
016-74264708,fvSca,fvsca@example.com,Dhaka,53,Female,Married,Marketing Specialist,44982,Hinduism,Bangladeshi
015-45253092,bBBNJ,bbbnj@example.com,Chittagong,56,Male,Single,Software Engineer,87997,Christianity,Bangladeshi
019-51569051,HfMZBuv,hfmzbuv@example.com,Khulna,48,Male,Widowed,Software Engineer,103113,Hinduism,Bangladeshi
019-64943058,ciVfo,civfo@example.com,Khulna,58,Male,Married,Accountant,103300,Islam,Bangladeshi
017-75594427,xUvzVGVJC,xuvzvgvjc@example.com,Barisal,25,Male,Married,Accountant,57834,Islam,Bangladeshi
018-09718405,HGnsw,hgnsw@example.com,Barisal,18,Male,Single,Project Manager,85508,Islam,Bangladeshi
016-23457746,KtChqmJfY,ktchqmjfy@example.com,Barisal,58,Female,Divorced,Marketing Specialist,131202,Islam,Bangladeshi
017-85233495,ewFZrvZw,ewfzrvzw@example.com,Barisal,48,Male,Single,Project Manager,39557,Hinduism,Bangladeshi
017-25527773,LouTaZZNFD,loutazznfd@example.com,Rajshahi,49,Male,Widowed,Marketing Specialist,59791,Other,Bangladeshi
017-12806784,aftTdubEg,afttdubeg@example.com,Sylhet,36,Female,Widowed,Marketing Specialist,72568,Islam,Bangladeshi
019-63474752,kULUTRelQ,kulutrelq@example.com,Chittagong,45,Female,Divorced,Marketing Specialist,98200,Buddhism,Bangladeshi
018-37077525,qFkxYb,qfkxyb@example.com,Sylhet,25,Male,Divorced,Accountant,103849,Christianity,Bangladeshi
015-52752004,BQgEJrGu,bqgejrgu@example.com,Sylhet,21,Male,Divorced,Graphic Designer,52398,Other,Bangladeshi
016-83337298,abuXawpCgi,abuxawpcgi@example.com,Dhaka,19,Female,Widowed,Software Engineer,38075,Islam,Bangladeshi
015-45372306,iYYQOAAe,iyyqoaae@example.com,Khulna,39,Male,Divorced,Software Engineer,101143,Hinduism,Bangladeshi
015-09280819,txPIHPM,txpihpm@example.com,Sylhet,59,Female,Divorced,Accountant,63214,Islam,Bangladeshi
017-84099227,flyyJrTuev,flyyjrtuev@example.com,Barisal,60,Male,Single,Graphic Designer,73551,Buddhism,Bangladeshi
017-02608349,GiIreuomC,giireuomc@example.com,Khulna,27,Male,Divorced,Software Engineer,118929,Buddhism,Bangladeshi
017-80098359,MSIwtCSJ,msiwtcsj@example.com,Chittagong,25,Male,Divorced,Graphic Designer,115801,Christianity,Bangladeshi
018-65390232,NbkRxJgzUZ,nbkrxjgzuz@example.com,Sylhet,34,Female,Single,Software Engineer,139535,Islam,Bangladeshi
016-48893664,UvfYKvoVto,uvfykvovto@example.com,Dhaka,50,Male,Widowed,Graphic Designer,143695,Other,Bangladeshi
016-00172784,UUQHImp,uuqhimp@example.com,Barisal,61,Female,Married,Project Manager,129586,Other,Bangladeshi
018-73541826,AGDEZi,agdezi@example.com,Khulna,58,Male,Divorced,Software Engineer,96682,Hinduism,Bangladeshi
016-95720619,oBelZZa,obelzza@example.com,Rajshahi,35,Female,Single,Software Engineer,112661,Christianity,Bangladeshi
019-60373331,xQtUtliNLt,xqtutlinlt@example.com,Khulna,21,Male,Divorced,Software Engineer,46253,Hinduism,Bangladeshi
016-88696695,rUgKHS,rugkhs@example.com,Barisal,49,Male,Single,Graphic Designer,52999,Buddhism,Bangladeshi
018-10279258,OSXPPIvuz,osxppivuz@example.com,Sylhet,61,Female,Single,Marketing Specialist,59314,Buddhism,Bangladeshi
019-87669450,rjQjz,rjqjz@example.com,Dhaka,61,Male,Single,Software Engineer,51278,Islam,Bangladeshi
019-85925488,DVWTn,dvwtn@example.com,Sylhet,23,Female,Single,Accountant,112334,Hinduism,Bangladeshi
019-95365155,vdVPvp,vdvpvp@example.com,Khulna,31,Female,Divorced,Software Engineer,48827,Buddhism,Bangladeshi
019-31458851,QvUpYbu,qvupybu@example.com,Dhaka,54,Female,Married,Software Engineer,125510,Other,Bangladeshi
019-09388022,RnZLHl,rnzlhl@example.com,Rajshahi,31,Female,Divorced,Accountant,108698,Christianity,Bangladeshi
016-61262208,BwRzbu,bwrzbu@example.com,Chittagong,47,Female,Married,Marketing Specialist,60564,Christianity,Bangladeshi
016-64146171,XgmAUh,xgmauh@example.com,Chittagong,40,Female,Married,Accountant,98712,Other,Bangladeshi
018-25384756,bEDlOjNTMV,bedlojntmv@example.com,Rajshahi,21,Male,Married,Marketing Specialist,23562,Christianity,Bangladeshi
019-64024403,kaGavbCQ,kagavbcq@example.com,Rajshahi,59,Female,Married,Software Engineer,68753,Christianity,Bangladeshi
016-14284360,hlLjiGHl,hlljighl@example.com,Chittagong,62,Female,Divorced,Marketing Specialist,62280,Christianity,Bangladeshi
018-48409913,ccWGyqLxOh,ccwgyqlxoh@example.com,Sylhet,42,Male,Single,Accountant,93303,Buddhism,Bangladeshi
019-42616419,RJHCRzmP,rjhcrzmp@example.com,Rajshahi,56,Male,Single,Project Manager,77138,Islam,Bangladeshi
017-99205917,zdMbtpRagj,zdmbtpragj@example.com,Chittagong,32,Female,Married,Project Manager,54841,Buddhism,Bangladeshi
016-28496458,gYUisI,gyuisi@example.com,Barisal,54,Male,Married,Graphic Designer,30133,Christianity,Bangladeshi
016-20261120,HQoLy,hqoly@example.com,Chittagong,63,Female,Married,Marketing Specialist,64530,Islam,Bangladeshi
018-33654588,gxgVMR,gxgvmr@example.com,Rajshahi,27,Female,Married,Graphic Designer,54291,Islam,Bangladeshi
016-37891285,zgVFhNFRx,zgvfhnfrx@example.com,Barisal,21,Female,Divorced,Marketing Specialist,80974,Buddhism,Bangladeshi
018-47350899,ynpDLYAB,ynpdlyab@example.com,Barisal,28,Male,Divorced,Accountant,76146,Islam,Bangladeshi
018-96877716,qOkiwFuWon,qokiwfuwon@example.com,Dhaka,38,Female,Divorced,Marketing Specialist,84664,Other,Bangladeshi
018-14503673,LORToLob,lortolob@example.com,Khulna,59,Female,Divorced,Graphic Designer,110652,Other,Bangladeshi
015-38642538,tJRiA,tjria@example.com,Dhaka,28,Male,Widowed,Marketing Specialist,115909,Buddhism,Bangladeshi
016-20511737,QAvzPp,qavzpp@example.com,Sylhet,52,Male,Single,Graphic Designer,146825,Other,Bangladeshi
017-83947496,GqbPlzoh,gqbplzoh@example.com,Dhaka,50,Male,Widowed,Software Engineer,29222,Other,Bangladeshi
015-46039732,HZCAVQ,hzcavq@example.com,Dhaka,49,Female,Single,Marketing Specialist,51405,Other,Bangladeshi
018-27817886,BhmoR,bhmor@example.com,Barisal,28,Female,Single,Project Manager,138849,Buddhism,Bangladeshi
016-99421892,xcoAnRtPiP,xcoanrtpip@example.com,Chittagong,62,Female,Single,Marketing Specialist,26296,Islam,Bangladeshi
018-96048934,nsotM,nsotm@example.com,Dhaka,58,Female,Widowed,Accountant,36054,Islam,Bangladeshi
017-85117190,yAPpvCunBq,yappvcunbq@example.com,Chittagong,52,Male,Married,Accountant,39637,Other,Bangladeshi
019-13762211,FZjCJ,fzjcj@example.com,Dhaka,39,Male,Married,Software Engineer,38101,Islam,Bangladeshi
018-04777462,agSWU,agswu@example.com,Sylhet,63,Male,Single,Graphic Designer,99140,Buddhism,Bangladeshi
017-19191635,nFyrbLFkf,nfyrblfkf@example.com,Rajshahi,49,Male,Divorced,Software Engineer,99589,Hinduism,Bangladeshi
019-42983685,UFFygmAr,uffygmar@example.com,Chittagong,53,Female,Widowed,Graphic Designer,31692,Islam,Bangladeshi
019-37772709,aSSLwfaEYc,asslwfaeyc@example.com,Dhaka,23,Male,Widowed,Project Manager,37653,Hinduism,Bangladeshi
015-30286035,oIcOihbTMT,oicoihbtmt@example.com,Rajshahi,21,Female,Divorced,Marketing Specialist,25219,Islam,Bangladeshi
019-53469464,NVJjYyJ,nvjjyyj@example.com,Rajshahi,57,Female,Married,Marketing Specialist,45630,Christianity,Bangladeshi
015-66871965,nxqmuKwLh,nxqmukwlh@example.com,Sylhet,18,Male,Divorced,Graphic Designer,23465,Hinduism,Bangladeshi
015-51583291,lGFTno,lgftno@example.com,Dhaka,30,Female,Widowed,Graphic Designer,66625,Hinduism,Bangladeshi
016-61677007,JjVMlUuv,jjvmluuv@example.com,Barisal,27,Male,Divorced,Software Engineer,114772,Christianity,Bangladeshi
018-85678647,VAThj,vathj@example.com,Khulna,60,Male,Married,Graphic Designer,125313,Buddhism,Bangladeshi
019-38798883,mzOzFGy,mzozfgy@example.com,Dhaka,58,Female,Divorced,Project Manager,80027,Other,Bangladeshi
017-66310605,MfIQoUdISm,mfiqoudism@example.com,Barisal,28,Male,Married,Accountant,121933,Hinduism,Bangladeshi
019-62332611,nOJjqszL,nojjqszl@example.com,Barisal,43,Male,Divorced,Software Engineer,101480,Hinduism,Bangladeshi
016-95446789,BjdzDZMJn,bjdzdzmjn@example.com,Sylhet,65,Male,Divorced,Graphic Designer,120568,Buddhism,Bangladeshi
018-69624416,UtogYdwAO,utogydwao@example.com,Khulna,47,Female,Divorced,Graphic Designer,45452,Buddhism,Bangladeshi
018-13912423,ixEdGjPwf,ixedgjpwf@example.com,Rajshahi,26,Male,Married,Marketing Specialist,138465,Hinduism,Bangladeshi
016-80568270,fiSHMbsY,fishmbsy@example.com,Sylhet,26,Female,Divorced,Marketing Specialist,31917,Hinduism,Bangladeshi
016-55791125,ipCyJ,ipcyj@example.com,Chittagong,53,Female,Widowed,Graphic Designer,60260,Other,Bangladeshi
017-83772507,uWXndDsp,uwxnddsp@example.com,Sylhet,58,Female,Married,Software Engineer,149156,Hinduism,Bangladeshi
016-54866462,bEsLc,beslc@example.com,Sylhet,53,Female,Widowed,Software Engineer,112896,Hinduism,Bangladeshi
019-84235782,OBSlBpzX,obslbpzx@example.com,Chittagong,45,Male,Married,Software Engineer,19972,Hinduism,Bangladeshi
017-63806396,YkATiKp,ykatikp@example.com,Barisal,27,Female,Married,Software Engineer,106134,Other,Bangladeshi
018-68088119,BtoPndJSA,btopndjsa@example.com,Sylhet,41,Male,Single,Project Manager,127479,Christianity,Bangladeshi
018-82436158,JgSULxZNj,jgsulxznj@example.com,Dhaka,36,Male,Single,Graphic Designer,55065,Hinduism,Bangladeshi
017-70373784,bhYfMZ,bhyfmz@example.com,Khulna,30,Female,Divorced,Software Engineer,144010,Buddhism,Bangladeshi
016-98995172,vdyUnUko,vdyunuko@example.com,Sylhet,27,Female,Divorced,Software Engineer,48856,Buddhism,Bangladeshi
019-45982707,KjkoUGdY,kjkougdy@example.com,Barisal,46,Male,Single,Software Engineer,69553,Hinduism,Bangladeshi
018-55455582,BefbOS,befbos@example.com,Khulna,21,Male,Divorced,Project Manager,57904,Hinduism,Bangladeshi
019-41357688,iuJfE,iujfe@example.com,Sylhet,52,Male,Single,Project Manager,47960,Islam,Bangladeshi
015-79042865,QSWOU,qswou@example.com,Sylhet,41,Male,Divorced,Software Engineer,149025,Buddhism,Bangladeshi
019-13669796,ySDSDiKeQs,ysdsdikeqs@example.com,Khulna,51,Female,Married,Project Manager,109408,Hinduism,Bangladeshi
015-79385441,wsHusOwhI,wshusowhi@example.com,Chittagong,54,Female,Widowed,Graphic Designer,148112,Hinduism,Bangladeshi
017-62582110,gqoIFm,gqoifm@example.com,Sylhet,46,Male,Widowed,Accountant,87009,Christianity,Bangladeshi
017-11120083,QpQuhq,qpquhq@example.com,Dhaka,39,Female,Widowed,Software Engineer,103572,Islam,Bangladeshi
018-47918510,TcMHE,tcmhe@example.com,Khulna,60,Male,Single,Marketing Specialist,103410,Christianity,Bangladeshi
017-49202456,cjyYUssqFG,cjyyussqfg@example.com,Khulna,50,Female,Married,Graphic Designer,122650,Islam,Bangladeshi
019-15213234,udVROnX,udvronx@example.com,Khulna,59,Female,Widowed,Marketing Specialist,137251,Hinduism,Bangladeshi
017-66997868,HuNVIaWXoL,hunviawxol@example.com,Chittagong,39,Female,Single,Graphic Designer,74583,Other,Bangladeshi
015-78768990,CIAhf,ciahf@example.com,Dhaka,49,Male,Single,Accountant,45632,Christianity,Bangladeshi
015-36170038,YlKRHz,ylkrhz@example.com,Khulna,49,Female,Single,Project Manager,37025,Other,Bangladeshi
019-34728076,LEtVt,letvt@example.com,Sylhet,56,Female,Single,Accountant,89500,Islam,Bangladeshi
016-22581437,lwtMBMXG,lwtmbmxg@example.com,Dhaka,60,Male,Married,Graphic Designer,95976,Hinduism,Bangladeshi
017-94624703,EyyEbEdRQ,eyyebedrq@example.com,Barisal,39,Female,Divorced,Marketing Specialist,141823,Christianity,Bangladeshi
017-25625956,qFEMndEYfN,qfemndeyfn@example.com,Sylhet,27,Male,Single,Project Manager,111617,Hinduism,Bangladeshi
015-09537078,LWhHu,lwhhu@example.com,Dhaka,37,Female,Single,Software Engineer,36233,Christianity,Bangladeshi
017-68660755,sTXuDKMSFB,stxudkmsfb@example.com,Rajshahi,33,Male,Single,Accountant,38651,Islam,Bangladeshi
017-98495302,ZhrObIUNBS,zhrobiunbs@example.com,Barisal,57,Male,Single,Marketing Specialist,93286,Islam,Bangladeshi
017-50606808,ZscJE,zscje@example.com,Sylhet,49,Female,Married,Accountant,140235,Islam,Bangladeshi
015-96305995,xqHrFZxBG,xqhrfzxbg@example.com,Dhaka,59,Male,Single,Project Manager,73383,Christianity,Bangladeshi
017-83696509,SnkQoPQNu,snkqopqnu@example.com,Chittagong,34,Female,Single,Marketing Specialist,90135,Other,Bangladeshi
015-87165499,zFEJvIyz,zfejviyz@example.com,Rajshahi,59,Female,Divorced,Project Manager,91132,Islam,Bangladeshi
017-96798566,ntAlGiDuzg,ntalgiduzg@example.com,Rajshahi,53,Male,Married,Accountant,108267,Islam,Bangladeshi
018-47383306,mhjfBy,mhjfby@example.com,Sylhet,48,Female,Single,Graphic Designer,90773,Buddhism,Bangladeshi
018-15392532,PWXVvKRwXg,pwxvvkrwxg@example.com,Rajshahi,20,Female,Divorced,Graphic Designer,90468,Hinduism,Bangladeshi
016-89434811,cRAAydYOf,craaydyof@example.com,Khulna,40,Male,Single,Project Manager,52153,Other,Bangladeshi
019-65680977,ZjmqZs,zjmqzs@example.com,Chittagong,61,Female,Widowed,Software Engineer,135231,Christianity,Bangladeshi
019-21442030,isWiLZ,iswilz@example.com,Sylhet,61,Male,Divorced,Accountant,97902,Islam,Bangladeshi
018-87314391,ErRiClq,erriclq@example.com,Khulna,25,Female,Divorced,Software Engineer,65791,Hinduism,Bangladeshi
019-32560606,uryAqM,uryaqm@example.com,Dhaka,18,Male,Widowed,Graphic Designer,86370,Other,Bangladeshi
019-65217505,LqLcqUuV,lqlcquuv@example.com,Sylhet,18,Male,Single,Graphic Designer,122219,Hinduism,Bangladeshi
018-18001482,RtlKKntLMd,rtlkkntlmd@example.com,Chittagong,23,Female,Divorced,Marketing Specialist,24917,Christianity,Bangladeshi
015-43414673,TgTzSnrTJo,tgtzsnrtjo@example.com,Rajshahi,61,Male,Single,Project Manager,118468,Buddhism,Bangladeshi
015-90553879,thFmZM,thfmzm@example.com,Chittagong,45,Male,Widowed,Project Manager,94438,Other,Bangladeshi
019-57162185,TguiYn,tguiyn@example.com,Sylhet,42,Male,Widowed,Marketing Specialist,99386,Islam,Bangladeshi
017-03604010,gEudzEXUan,geudzexuan@example.com,Sylhet,47,Female,Widowed,Software Engineer,54242,Hinduism,Bangladeshi
015-39436014,TDhzRKHc,tdhzrkhc@example.com,Chittagong,65,Male,Married,Graphic Designer,128115,Buddhism,Bangladeshi
016-55154410,UhcHeE,uhchee@example.com,Rajshahi,45,Female,Married,Marketing Specialist,78472,Other,Bangladeshi
015-76693314,LYRAsHNasm,lyrashnasm@example.com,Sylhet,46,Female,Married,Marketing Specialist,22260,Christianity,Bangladeshi
016-65998287,GBpvw,gbpvw@example.com,Chittagong,65,Male,Single,Software Engineer,76835,Islam,Bangladeshi
018-26398744,onVrk,onvrk@example.com,Rajshahi,27,Female,Single,Software Engineer,90847,Christianity,Bangladeshi
017-38227355,LTePhI,ltephi@example.com,Rajshahi,46,Female,Widowed,Marketing Specialist,36128,Hinduism,Bangladeshi
019-72885406,wzORF,wzorf@example.com,Sylhet,62,Female,Married,Project Manager,88971,Buddhism,Bangladeshi
015-10006232,nzmVxT,nzmvxt@example.com,Barisal,59,Male,Widowed,Marketing Specialist,119364,Other,Bangladeshi
015-53320916,kwvXAz,kwvxaz@example.com,Rajshahi,59,Female,Single,Accountant,24396,Christianity,Bangladeshi
016-09314186,NfMbWLV,nfmbwlv@example.com,Sylhet,31,Female,Single,Marketing Specialist,61201,Buddhism,Bangladeshi
019-95830828,sKBRni,skbrni@example.com,Sylhet,55,Male,Married,Graphic Designer,78749,Buddhism,Bangladeshi
015-87858578,tKnnF,tknnf@example.com,Khulna,41,Female,Married,Project Manager,134774,Buddhism,Bangladeshi
017-44218573,sVggFwPZc,svggfwpzc@example.com,Rajshahi,27,Male,Married,Accountant,134533,Buddhism,Bangladeshi
016-55211199,djUeqQ,djueqq@example.com,Khulna,36,Female,Single,Graphic Designer,119936,Christianity,Bangladeshi
016-35836791,mXfMlIaeQ,mxfmliaeq@example.com,Chittagong,36,Female,Single,Software Engineer,117269,Buddhism,Bangladeshi
016-42826063,WTxhnmrM,wtxhnmrm@example.com,Chittagong,18,Male,Widowed,Accountant,117098,Hinduism,Bangladeshi
019-15627931,BSMVcA,bsmvca@example.com,Khulna,61,Male,Single,Marketing Specialist,66230,Christianity,Bangladeshi
015-41206750,fkzaQvSLz,fkzaqvslz@example.com,Khulna,57,Male,Widowed,Marketing Specialist,106414,Other,Bangladeshi
018-23497438,ekqEiOo,ekqeioo@example.com,Barisal,37,Male,Widowed,Software Engineer,29058,Islam,Bangladeshi
015-21404210,qDMnJ,qdmnj@example.com,Dhaka,64,Male,Married,Graphic Designer,141962,Other,Bangladeshi
019-27710106,ONvKf,onvkf@example.com,Sylhet,37,Female,Divorced,Marketing Specialist,57527,Hinduism,Bangladeshi
017-70313056,tBiRoqFM,tbiroqfm@example.com,Rajshahi,34,Male,Widowed,Project Manager,130768,Christianity,Bangladeshi
018-69932244,NETppcc,netppcc@example.com,Rajshahi,56,Female,Widowed,Graphic Designer,149991,Hinduism,Bangladeshi
019-65719954,dGQkMnMPP,dgqkmnmpp@example.com,Chittagong,48,Female,Divorced,Graphic Designer,24709,Other,Bangladeshi
017-98793200,yaZndNvt,yazndnvt@example.com,Khulna,61,Male,Married,Accountant,119355,Buddhism,Bangladeshi
018-00957960,QuAWf,quawf@example.com,Sylhet,59,Male,Married,Software Engineer,112181,Other,Bangladeshi
018-41452446,GjNvrjRN,gjnvrjrn@example.com,Sylhet,29,Female,Single,Graphic Designer,54691,Islam,Bangladeshi
015-51885434,yayLmmz,yaylmmz@example.com,Sylhet,22,Female,Single,Marketing Specialist,28927,Buddhism,Bangladeshi
019-06672629,ohzJnKNkt,ohzjnknkt@example.com,Khulna,33,Female,Married,Software Engineer,44432,Hinduism,Bangladeshi
016-86416590,GbLklRI,gblklri@example.com,Barisal,51,Female,Single,Graphic Designer,111478,Buddhism,Bangladeshi
,TQPrUsD,tqprusd@example.com,Rajshahi,28,Female,Divorced,Software Engineer,63309,Other,Bangladeshi
019-44126505,Bxrih,bxrih@example.com,Sylhet,53,Male,Single,Software Engineer,53041,Hinduism,Bangladeshi
015-23108688,EdfUyLfxt,edfuylfxt@example.com,Chittagong,45,Female,Married,Marketing Specialist,145738,Buddhism,Bangladeshi
015-80144130,nXyhmDEV,nxyhmdev@example.com,Rajshahi,32,Female,Divorced,Graphic Designer,92316,Islam,Bangladeshi
016-88254926,uLczUU,ulczuu@example.com,Rajshahi,45,Female,Widowed,Accountant,62681,Buddhism,Bangladeshi
018-61918754,oXndplvua,oxndplvua@example.com,Chittagong,63,Female,Widowed,Marketing Specialist,73592,Christianity,Bangladeshi
018-79846269,YQBwqeQsMm,yqbwqeqsmm@example.com,Sylhet,33,Female,Married,Project Manager,111697,Hinduism,Bangladeshi
019-64158644,ETXNdwiPVS,etxndwipvs@example.com,Rajshahi,38,Male,Widowed,Graphic Designer,120151,Islam,Bangladeshi
017-67929413,efqhKl,efqhkl@example.com,Barisal,62,Male,Divorced,Graphic Designer,71774,Hinduism,Bangladeshi
015-51438199,vdOWTCrELe,vdowtcrele@example.com,Barisal,27,Male,Divorced,Graphic Designer,118703,Islam,Bangladeshi
019-60239899,RpsGvrg,rpsgvrg@example.com,Rajshahi,52,Female,Single,Project Manager,147150,Islam,Bangladeshi
015-16685323,OdaQmkHeO,odaqmkheo@example.com,Chittagong,38,Female,Widowed,Graphic Designer,42223,Christianity,Bangladeshi
015-99963041,EFKbzUQ,efkbzuq@example.com,Dhaka,48,Female,Married,Marketing Specialist,24420,Islam,Bangladeshi
017-93143437,bzwdgCIFj,bzwdgcifj@example.com,Dhaka,50,Female,Single,Marketing Specialist,144784,Christianity,Bangladeshi
015-39062759,gOOYUQCZ,gooyuqcz@example.com,Dhaka,64,Female,Single,Project Manager,16074,Islam,Bangladeshi
015-65326846,yLzVYrHEO,ylzvyrheo@example.com,Rajshahi,18,Female,Divorced,Project Manager,20457,Hinduism,Bangladeshi
017-52613888,xyJIZtD,xyjiztd@example.com,Rajshahi,29,Male,Single,Project Manager,72802,Buddhism,Bangladeshi
017-79859544,dXOwZ,dxowz@example.com,Barisal,48,Female,Widowed,Accountant,90600,Islam,Bangladeshi
015-92991677,WGRJS,wgrjs@example.com,Rajshahi,32,Male,Divorced,Accountant,35224,Other,Bangladeshi
017-05453894,wlinNYjQ,wlinnyjq@example.com,Sylhet,59,Male,Widowed,Marketing Specialist,126683,Islam,Bangladeshi
018-12468968,GUaQVkc,guaqvkc@example.com,Khulna,44,Female,Widowed,Software Engineer,102435,Islam,Bangladeshi
015-45331502,luLlEylAyd,lulleylayd@example.com,Sylhet,44,Female,Widowed,Project Manager,89768,Islam,Bangladeshi
017-42991809,qIHtAMSmB,qihtamsmb@example.com,Barisal,35,Male,Divorced,Software Engineer,90642,Buddhism,Bangladeshi
015-03713269,rLGbAyRSx,rlgbayrsx@example.com,Barisal,44,Female,Divorced,Software Engineer,121638,Buddhism,Bangladeshi
019-99608107,IelnYBBpZC,ielnybbpzc@example.com,Sylhet,45,Female,Divorced,Marketing Specialist,99508,Christianity,Bangladeshi
019-42427095,edzLAoiFjk,edzlaoifjk@example.com,Khulna,32,Female,Married,Marketing Specialist,116527,Islam,Bangladeshi
018-13991329,GSKOAa,gskoaa@example.com,Rajshahi,20,Male,Married,Marketing Specialist,128395,Buddhism,Bangladeshi
017-95109015,DIhLGyLW,dihlgylw@example.com,Chittagong,63,Female,Widowed,Accountant,54103,Christianity,Bangladeshi
015-99755656,pvpBoLR,pvpbolr@example.com,Dhaka,21,Male,Single,Accountant,89602,Other,Bangladeshi
019-66483541,IZDJANo,izdjano@example.com,Chittagong,56,Female,Widowed,Graphic Designer,62124,Hinduism,Bangladeshi
